Contour_ID,X,Y
0,228,155
0,227,156
0,226,156
0,226,158
0,235,158
0,235,156
0,234,156
0,233,155
1,245,148
1,244,149
1,242,149
1,241,150
1,239,150
1,239,157
1,240,158
1,261,158
1,261,155
1,259,153
1,259,152
1,258,152
1,256,150
1,255,150
1,254,149
1,250,149
1,249,148
2,200,144
2,199,145
2,197,145
2,195,147
2,195,148
2,194,149
2,194,151
2,193,152
2,193,156
2,194,157
2,194,158
2,212,158
2,214,156
2,214,152
2,212,150
2,212,149
2,210,147
2,210,146
2,209,145
2,208,145
2,207,144
3,291,139
3,290,140
3,288,140
3,288,142
3,287,143
3,286,143
3,286,151
3,287,152
3,288,152
3,289,153
3,289,154
3,290,154
3,291,155
3,296,155
3,297,154
3,300,154
3,301,153
3,301,152
3,303,150
3,303,144
3,302,143
3,302,141
3,301,140
3,300,140
3,299,139
4,30,138
4,29,139
4,27,139
4,27,140
4,24,143
4,24,147
4,23,148
4,22,148
4,20,146
4,20,145
4,18,145
4,17,144
4,11,144
4,9,146
4,8,146
4,8,147
4,7,148
4,6,148
4,6,155
4,7,156
4,7,158
4,23,158
4,23,156
4,24,155
4,27,155
4,28,156
4,28,157
4,37,157
4,39,155
4,40,155
4,41,154
4,41,153
4,42,152
4,42,150
4,43,149
4,43,144
4,40,141
4,40,140
4,39,139
4,38,139
4,37,138
5,124,135
5,123,136
5,122,136
5,121,137
5,120,137
5,118,139
5,118,140
5,117,141
5,117,150
5,118,151
5,118,153
5,120,155
5,120,156
5,129,156
5,130,155
5,131,155
5,134,152
5,134,150
5,135,149
5,135,140
5,131,136
5,130,136
5,129,135
6,51,132
6,50,133
6,48,133
6,46,135
6,46,146
6,47,147
6,47,148
6,48,149
6,48,151
6,50,151
6,51,152
6,57,152
6,58,151
6,59,151
6,60,150
6,61,150
6,61,149
6,64,146
6,64,140
6,63,139
6,63,138
6,62,137
6,62,136
6,60,134
6,59,134
6,58,133
6,56,133
6,55,132
7,230,125
7,228,127
7,226,127
7,226,128
7,224,130
7,224,132
7,223,133
7,223,139
7,224,140
7,224,141
7,225,142
7,225,143
7,226,143
7,227,144
7,228,144
7,229,145
7,234,145
7,235,144
7,238,144
7,239,143
7,242,143
7,242,141
7,244,139
7,244,132
7,243,131
7,243,129
7,242,128
7,240,128
7,239,127
7,239,126
7,235,126
7,234,125
8,192,125
8,187,130
8,187,136
8,188,137
8,188,139
8,190,141
8,192,141
8,193,142
8,199,142
8,200,141
8,204,141
8,207,138
8,207,131
8,206,130
8,206,129
8,203,126
8,201,126
8,200,125
9,102,125
9,100,127
9,99,127
9,98,128
9,97,128
9,97,129
9,96,130
9,96,131
9,95,132
9,95,138
9,96,139
9,96,141
9,98,143
9,98,144
9,99,144
9,101,146
9,109,146
9,110,145
9,111,145
9,114,142
9,114,141
9,115,140
9,115,139
9,116,138
9,116,132
9,115,131
9,115,130
9,114,129
9,114,128
9,113,128
9,110,125
10,312,100
10,310,102
10,309,102
10,307,104
10,307,106
10,306,107
10,306,113
10,307,114
10,307,116
10,310,119
10,313,119
10,314,120
10,313,121
10,308,121
10,307,120
10,306,120
10,305,119
10,292,119
10,292,125
10,295,128
10,295,129
10,296,130
10,296,131
10,297,132
10,297,133
10,298,134
10,299,134
10,302,137
10,303,137
10,304,138
10,312,138
10,314,136
10,315,136
10,316,135
10,316,124
10,313,121
10,314,120
10,316,120
10,316,100
11,219,99
11,217,101
11,216,101
11,215,102
11,215,103
11,214,104
11,214,111
11,215,111
11,216,112
11,216,113
11,219,116
11,229,116
11,231,114
11,232,114
11,233,113
11,233,106
11,230,103
11,230,102
11,229,101
11,228,101
11,227,100
11,226,100
11,225,99
12,13,94
12,12,95
12,11,95
12,10,96
12,8,96
12,8,97
12,6,99
12,6,107
12,7,108
12,7,109
12,8,110
12,9,110
12,11,112
12,20,112
12,21,111
12,23,111
12,24,110
12,24,109
12,27,106
12,27,99
12,25,97
12,24,97
12,23,96
12,23,95
12,22,95
12,21,94
13,114,89
13,113,90
13,112,90
13,111,91
13,110,91
13,109,92
13,109,93
13,107,95
13,107,104
13,108,105
13,108,106
13,109,107
13,110,107
13,113,110
13,122,110
13,123,109
13,124,109
13,125,108
13,126,108
13,127,107
13,127,105
13,128,104
13,130,104
13,131,105
13,131,109
13,130,110
13,126,110
13,124,112
13,123,112
13,121,114
13,121,115
13,120,116
13,120,121
13,121,122
13,121,123
13,122,124
13,122,126
13,123,126
13,124,127
13,125,127
13,126,128
13,127,128
13,128,129
13,134,129
13,135,128
13,137,128
13,138,127
13,139,127
13,139,126
13,140,125
13,141,125
13,143,123
13,143,118
13,139,114
13,138,114
13,137,113
13,136,113
13,135,112
13,136,111
13,138,111
13,139,112
13,146,112
13,149,109
13,150,109
13,150,108
13,151,107
13,151,97
13,150,96
13,150,95
13,149,95
13,148,94
13,142,94
13,141,95
13,139,95
13,138,96
13,136,96
13,135,97
13,134,97
13,132,99
13,132,100
13,131,101
13,130,100
13,130,98
13,129,97
13,128,97
13,122,91
13,121,91
13,119,89
14,262,87
14,261,88
14,260,88
14,260,89
14,258,91
14,258,101
14,262,105
14,263,105
14,264,106
14,272,106
14,273,105
14,274,105
14,274,104
14,276,102
14,276,101
14,277,100
14,277,93
14,276,92
14,276,91
14,274,89
14,274,88
14,271,88
14,270,87
15,173,82
15,172,83
15,170,83
15,170,84
15,169,85
15,168,85
15,167,86
15,167,88
15,166,89
15,166,95
15,171,100
15,174,100
15,175,101
15,183,101
15,184,100
15,185,100
15,186,99
15,186,98
15,187,97
15,187,96
15,188,95
15,188,90
15,187,89
15,187,87
15,183,83
15,181,83
15,180,82
16,11,73
16,10,74
16,8,74
16,7,75
16,6,75
16,6,77
16,5,78
16,5,86
16,6,87
16,6,88
16,8,90
16,9,90
16,10,91
16,20,91
16,21,90
16,23,90
16,24,89
16,25,89
16,25,82
16,24,81
16,24,80
16,23,79
16,23,77
16,22,77
16,21,76
16,21,75
16,20,74
16,19,74
16,18,73
17,35,61
17,33,63
17,32,63
17,31,64
17,31,65
17,30,66
17,30,77
17,33,80
17,34,80
17,35,81
17,43,81
17,44,80
17,45,80
17,46,79
17,47,79
17,47,78
17,48,77
17,48,76
17,50,74
17,50,68
17,48,66
17,48,64
17,47,63
17,45,63
17,43,61
18,171,58
18,169,60
18,168,60
18,166,62
18,166,64
18,165,65
18,165,71
18,166,72
18,166,73
18,167,73
18,169,75
18,169,76
18,171,76
18,172,77
18,179,77
18,183,73
18,183,72
18,184,71
18,184,66
18,183,65
18,183,62
18,182,61
18,181,61
18,180,60
18,180,59
18,179,59
18,178,58
19,230,56
19,228,58
19,227,58
19,226,59
19,226,60
19,224,62
19,224,63
19,223,64
19,223,68
19,224,69
19,224,71
19,227,74
19,229,74
19,230,75
19,239,75
19,240,74
19,241,74
19,242,73
19,243,73
19,245,71
19,245,70
19,246,69
19,246,65
19,245,64
19,245,60
19,243,58
19,242,58
19,241,57
19,241,56
20,123,54
20,123,55
20,122,56
20,121,56
20,120,57
20,120,58
20,119,59
20,119,65
20,120,66
20,120,68
20,122,70
20,123,70
20,124,71
20,125,71
20,126,72
20,131,72
20,132,71
20,135,71
20,137,69
20,138,69
20,140,67
20,140,62
20,139,61
20,139,60
20,136,57
20,136,56
20,135,55
20,133,55
20,132,54
21,269,47
21,268,48
21,267,48
21,266,49
21,265,49
21,264,50
21,264,51
21,262,53
21,262,58
21,268,64
21,270,64
21,271,65
21,270,66
21,270,67
21,269,68
21,269,72
21,270,73
21,270,74
21,271,75
21,271,77
21,274,77
21,275,78
21,279,78
21,280,79
21,285,79
21,286,78
21,287,78
21,287,77
21,288,76
21,289,76
21,289,75
21,290,74
21,290,68
21,289,67
21,289,65
21,290,64
21,291,65
21,291,66
21,293,68
21,293,69
21,300,69
21,301,68
21,302,68
21,307,63
21,307,56
21,306,55
21,306,54
21,302,50
21,301,50
21,300,49
21,293,49
21,292,50
21,290,50
21,289,51
21,288,51
21,287,52
21,287,53
21,286,54
21,286,58
21,289,61
21,289,62
21,288,63
21,284,59
21,280,59
21,279,58
21,279,57
21,280,56
21,280,52
21,278,50
21,278,48
21,276,48
21,275,47
22,98,21
22,97,22
22,95,22
22,94,23
22,94,24
22,91,27
22,91,33
22,92,34
22,92,35
22,95,38
22,104,38
22,106,36
22,107,36
22,109,34
22,109,28
22,108,27
22,108,24
22,105,21
23,34,18
23,33,19
23,31,19
23,27,23
23,27,25
23,26,26
23,26,30
23,27,31
23,27,32
23,28,32
23,29,33
23,29,34
23,30,35
23,33,35
23,34,36
23,36,36
23,37,37
23,36,38
23,33,38
23,31,40
23,30,40
23,29,41
23,29,43
23,28,44
23,28,52
23,31,55
23,32,55
23,34,57
23,43,57
23,44,56
23,47,56
23,48,55
23,49,55
23,49,42
23,46,39
23,45,39
23,44,38
23,42,38
23,41,37
23,42,36
23,44,36
23,44,35
23,47,32
23,47,25
23,45,23
23,45,22
23,43,20
23,42,20
23,41,19
23,39,19
23,38,18
24,158,14
24,156,16
24,155,16
24,154,17
24,154,18
24,153,19
24,153,30
24,154,31
24,154,32
24,155,33
24,163,33
24,164,34
24,164,38
24,168,42
24,171,42
24,172,43
24,176,43
24,177,42
24,178,42
24,180,40
24,181,40
24,181,39
24,182,38
24,182,37
24,183,36
24,183,35
24,184,34
24,184,27
24,183,26
24,183,25
24,181,23
24,181,22
24,174,22
24,173,23
24,172,23
24,170,21
24,170,19
24,169,18
24,169,17
24,166,14
25,120,12
25,117,15
25,116,15
25,115,16
25,115,17
25,113,19
25,113,26
25,114,27
25,114,28
25,116,30
25,125,30
25,130,25
25,130,24
25,131,23
25,132,23
25,132,16
25,131,15
25,131,14
25,130,13
25,129,13
25,128,12
26,254,10
26,251,13
26,251,14
26,250,15
26,250,16
26,249,17
26,249,19
26,248,20
26,248,24
26,249,25
26,249,26
26,250,27
26,250,28
26,251,29
26,252,29
26,253,30
26,262,30
26,263,29
26,265,29
26,266,28
26,267,28
26,267,16
26,266,15
26,266,13
26,265,13
26,262,10
27,0,4
27,0,24
27,5,24
27,6,23
27,7,23
27,8,22
27,9,22
27,9,12
27,8,11
27,8,9
27,4,5
27,3,5
27,2,4
28,293,0
28,292,1
28,291,1
28,288,4
28,288,5
28,287,6
28,287,15
28,288,16
28,288,17
28,291,20
28,293,20
28,294,21
28,299,21
28,300,20
28,301,20
28,302,19
28,303,19
28,308,14
28,308,4
28,304,0
29,194,0
29,194,2
29,196,4
29,196,5
29,198,7
29,199,7
29,200,8
29,200,9
29,209,9
29,210,8
29,211,8
29,212,7
29,212,0
30,166,0
30,166,2
30,167,3
30,167,4
30,168,5
30,168,6
30,169,6
30,171,8
30,172,8
30,173,9
30,180,9
30,181,8
30,182,8
30,183,7
30,184,7
30,185,6
30,185,5
30,186,4
30,186,3
30,187,2
30,187,0
